Sex,Yr,Age,B
1,1995,0,169.479
1,1996,0,167.567
1,1997,0,174.716
1,1998,0,171.802
1,1999,0,160.741
1,2000,0,135.6
1,2001,0,123.936
1,2002,0,112.507
1,2003,0,100.727
1,2004,0,95.3184
1,2005,0,80.2128
1,2006,0,76.9751
1,2007,0,72.0362
1,2008,0,71.7498
1,2009,0,63.3143
1,2010,0,57.1897
1,2011,0,49.855
1,2012,0,48.6001
1,2013,0,42.9904
1,2014,0,41.7259
1,2015,0,40.296
1,2016,0,40.3364
1,2017,0,40.3046
1,2018,0,43.9517
1,2019,0,46.9977
1,2020,0,46.865
1,2021,0,48.4578
1,2022,0,48.4751
1,2023,0,48.5932
2,1995,0,151.052
2,1996,0,149.348
2,1997,0,155.719
2,1998,0,153.122
2,1999,0,143.264
2,2000,0,120.856
2,2001,0,110.461
2,2002,0,100.274
2,2003,0,89.7753
2,2004,0,84.9545
2,2005,0,71.4913
2,2006,0,68.6056
2,2007,0,64.2037
2,2008,0,63.9484
2,2009,0,56.4302
2,2010,0,50.9714
2,2011,0,44.4343
2,2012,0,43.3158
2,2013,0,38.3161
2,2014,0,37.189
2,2015,0,35.9146
2,2016,0,35.9507
2,2017,0,35.9223
2,2018,0,39.1728
2,2019,0,41.8876
2,2020,0,41.7694
2,2021,0,43.189
2,2022,0,43.2044
2,2023,0,43.3096
1,1995,1,348.898
1,1996,1,299.245
1,1997,1,297.512
1,1998,1,309.535
1,1999,1,303.481
1,2000,1,282.032
1,2001,1,239.281
1,2002,1,218.526
1,2003,1,197.758
1,2004,1,177.169
1,2005,1,166.214
1,2006,1,141.058
1,2007,1,135.312
1,2008,1,127.169
1,2009,1,126.006
1,2010,1,111.308
1,2011,1,100.358
1,2012,1,88.0207
1,2013,1,85.2812
1,2014,1,75.7103
1,2015,1,73.3843
1,2016,1,71.0913
1,2017,1,71.2615
1,2018,1,71.5649
1,2019,1,78.0299
1,2020,1,83.2254
1,2021,1,83.1932
1,2022,1,85.8875
1,2023,1,85.9849
2,1995,1,318.851
2,1996,1,273.475
2,1997,1,271.89
2,1998,1,282.878
2,1999,1,277.346
2,2000,1,257.746
2,2001,1,218.675
2,2002,1,199.708
2,2003,1,180.728
2,2004,1,161.912
2,2005,1,151.901
2,2006,1,128.911
2,2007,1,123.659
2,2008,1,116.218
2,2009,1,115.155
2,2010,1,101.722
2,2011,1,91.7159
2,2012,1,80.4406
2,2013,1,77.9373
2,2014,1,69.1904
2,2015,1,67.0648
2,2016,1,64.9691
2,2017,1,65.1246
2,2018,1,65.4016
2,2019,1,71.3099
2,2020,1,76.0581
2,2021,1,76.0285
2,2022,1,78.4908
2,2023,1,78.5798
1,1995,2,487.483
1,1996,2,506.016
1,1997,2,439.57
1,1998,2,434.925
1,1999,2,448.964
1,2000,2,432.829
1,2001,2,408.198
1,2002,2,345.482
1,2003,2,313.422
1,2004,2,284.034
1,2005,2,249.243
1,2006,2,238.644
1,2007,2,202.399
1,2008,2,196.112
1,2009,2,182.017
1,2010,2,180.872
1,2011,2,159.085
1,2012,2,145.503
1,2013,2,125.793
1,2014,2,122.931
1,2015,2,108.776
1,2016,2,106.236
1,2017,2,103.239
1,2018,2,104.739
1,2019,2,105.105
1,2020,2,113.926
1,2021,2,122.206
1,2022,2,121.729
1,2023,2,125.851
2,1995,2,453.834
2,1996,2,471.091
2,1997,2,409.219
2,1998,2,404.897
2,1999,2,417.976
2,2000,2,402.971
2,2001,2,380.028
2,2002,2,321.64
2,2003,2,291.797
2,2004,2,264.437
2,2005,2,232.057
2,2006,2,222.18
2,2007,2,188.435
2,2008,2,182.578
2,2009,2,169.459
2,2010,2,168.393
2,2011,2,148.11
2,2012,2,135.461
2,2013,2,117.115
2,2014,2,114.448
2,2015,2,101.271
2,2016,2,98.9042
2,2017,2,96.113
2,2018,2,97.5071
2,2019,2,97.8476
2,2020,2,106.061
2,2021,2,113.768
2,2022,2,113.325
2,2023,2,117.161
1,1995,3,596.103
1,1996,3,604.439
1,1997,3,644.113
1,1998,3,554.15
1,1999,3,539.366
1,2000,3,537.715
1,2001,3,534.386
1,2002,3,501.41
1,2003,3,418.673
1,2004,3,380.9
1,2005,3,330.795
1,2006,3,302.721
1,2007,3,289.468
1,2008,3,250.619
1,2009,3,236.654
1,2010,3,220.96
1,2011,3,217.65
1,2012,3,197.171
1,2013,3,175.079
1,2014,3,154.075
1,2015,3,149.553
1,2016,3,134.419
1,2017,3,132.12
1,2018,3,131.634
1,2019,3,133.309
1,2020,3,132.181
1,2021,3,144.938
1,2022,3,154.337
1,2023,3,154.21
2,1995,3,563.034
2,1996,3,570.931
2,1997,3,608.36
2,1998,3,523.391
2,1999,3,509.449
2,2000,3,507.942
2,2001,3,504.786
2,2002,3,473.625
2,2003,3,395.493
2,2004,3,359.813
2,2005,3,312.517
2,2006,3,285.975
2,2007,3,273.448
2,2008,3,236.733
2,2009,3,223.553
2,2010,3,208.731
2,2011,3,205.608
2,2012,3,186.247
2,2013,3,165.388
2,2014,3,145.544
2,2015,3,141.272
2,2016,3,126.971
2,2017,3,124.796
2,2018,3,124.326
2,2019,3,125.905
2,2020,3,124.843
2,2021,3,136.89
2,2022,3,145.77
2,2023,3,145.648
1,1995,4,653.902
1,1996,4,647.911
1,1997,4,687.875
1,1998,4,720.958
1,1999,4,603.617
1,2000,4,554.013
1,2001,4,580.826
1,2002,4,572.645
1,2003,4,524.471
1,2004,4,440.127
1,2005,4,372.394
1,2006,4,347.419
1,2007,4,317.027
1,2008,4,314.082
1,2009,4,260.233
1,2010,4,248.098
1,2011,4,228.243
1,2012,4,236.634
1,2013,4,203.686
1,2014,4,186.485
1,2015,4,162.24
1,2016,4,161.738
1,2017,4,147.001
1,2018,4,150.848
1,2019,4,149.876
1,2020,4,148.706
1,2021,4,150.361
1,2022,4,162.729
1,2023,4,174.41
2,1995,4,624.869
2,1996,4,619.189
2,1997,4,657.332
2,1998,4,688.922
2,1999,4,576.815
2,2000,4,529.488
2,2001,4,555.136
2,2002,4,547.302
2,2003,4,501.286
2,2004,4,420.686
2,2005,4,355.999
2,2006,4,332.113
2,2007,4,303.045
2,2008,4,300.198
2,2009,4,248.736
2,2010,4,237.146
2,2011,4,218.177
2,2012,4,226.175
2,2013,4,194.691
2,2014,4,178.247
2,2015,4,155.073
2,2016,4,154.586
2,2017,4,140.491
2,2018,4,144.148
2,2019,4,143.208
2,2020,4,142.092
2,2021,4,143.673
2,2022,4,155.493
2,2023,4,166.652
1,1995,5,651.95
1,1996,5,634.109
1,1997,5,672.829
1,1998,5,697.065
1,1999,5,703.146
1,2000,5,541.095
1,2001,5,533.203
1,2002,5,553.152
1,2003,5,525.631
1,2004,5,485.067
1,2005,5,366.301
1,2006,5,343.96
1,2007,5,319.286
1,2008,5,306.892
1,2009,5,285.205
1,2010,5,239.415
1,2011,5,223.431
1,2012,5,221.686
1,2013,5,213.171
1,2014,5,191.919
1,2015,5,172.82
1,2016,5,156.306
1,2017,5,158.435
1,2018,5,153.415
1,2019,5,156.876
1,2020,5,151.264
1,2021,5,154.409
1,2022,5,153.064
1,2023,5,167.493
2,1995,5,628.937
2,1996,5,611.754
2,1997,5,649.126
2,1998,5,672.47
2,1999,5,678.309
2,2000,5,522.01
2,2001,5,514.469
2,2002,5,533.732
2,2003,5,507.183
2,2004,5,468.063
2,2005,5,353.489
2,2006,5,331.965
2,2007,5,308.147
2,2008,5,296.162
2,2009,5,275.211
2,2010,5,231.033
2,2011,5,215.619
2,2012,5,213.935
2,2013,5,205.706
2,2014,5,185.201
2,2015,5,166.77
2,2016,5,150.831
2,2017,5,152.876
2,2018,5,148.017
2,2019,5,151.335
2,2020,5,145.912
2,2021,5,148.947
2,2022,5,147.65
2,2023,5,161.569
1,1995,6,610.963
1,1996,6,575.145
1,1997,6,611.637
1,1998,6,628.679
1,1999,6,620.827
1,2000,6,562.536
1,2001,6,473.351
1,2002,6,460.62
1,2003,6,455.093
1,2004,6,436.784
1,2005,6,352.016
1,2006,6,303.863
1,2007,6,283.295
1,2008,6,281.214
1,2009,6,248.987
1,2010,6,235.132
1,2011,6,192.067
1,2012,6,197.684
1,2013,6,177.933
1,2014,6,181.312
1,2015,6,159.81
1,2016,6,151.26
1,2017,6,139.809
1,2018,6,153.797
1,2019,6,148.33
1,2020,6,145.922
1,2021,6,145.936
1,2022,6,145.137
1,2023,6,146.115
2,1995,6,593.888
2,1996,6,559.043
2,1997,6,594.629
2,1998,6,611.186
2,1999,6,603.463
2,2000,6,546.679
2,2001,6,460.104
2,2002,6,447.782
2,2003,6,442.387
2,2004,6,424.601
2,2005,6,342.136
2,2006,6,295.424
2,2007,6,275.455
2,2008,6,273.456
2,2009,6,242.067
2,2010,6,228.584
2,2011,6,186.717
2,2012,6,192.219
2,2013,6,172.985
2,2014,6,176.278
2,2015,6,155.37
2,2016,6,147.069
2,2017,6,135.938
2,2018,6,149.55
2,2019,6,144.218
2,2020,6,141.848
2,2021,6,141.86
2,2022,6,141.078
2,2023,6,142.033
1,1995,7,522.216
1,1996,7,501.197
1,1997,7,524.096
1,1998,7,536.837
1,1999,7,522.228
1,2000,7,455.315
1,2001,7,457.346
1,2002,7,379.487
1,2003,7,348.451
1,2004,7,348.373
1,2005,7,285.434
1,2006,7,268.905
1,2007,7,230.085
1,2008,7,232.044
1,2009,7,209.276
1,2010,7,188.699
1,2011,7,172.611
1,2012,7,158.162
1,2013,7,145.208
1,2014,7,139.879
1,2015,7,139.056
1,2016,7,129.904
1,2017,7,126.146
1,2018,7,128.317
1,2019,7,140.564
1,2020,7,129.552
1,2021,7,133.018
1,2022,7,128.996
1,2023,7,130.725
2,1995,7,510.614
2,1996,7,489.968
2,1997,7,512.552
2,1998,7,525.042
2,1999,7,510.636
2,2000,7,444.928
2,2001,7,446.983
2,2002,7,370.948
2,2003,7,340.568
2,2004,7,340.492
2,2005,7,278.812
2,2006,7,262.781
2,2007,7,224.903
2,2008,7,226.91
2,2009,7,204.588
2,2010,7,184.444
2,2011,7,168.69
2,2012,7,154.64
2,2013,7,141.94
2,2014,7,136.747
2,2015,7,135.935
2,2016,7,127.014
2,2017,7,123.363
2,2018,7,125.538
2,2019,7,137.527
2,2020,7,126.717
2,2021,7,130.102
2,2022,7,126.149
2,2023,7,127.848
1,1995,8,426.26
1,1996,8,407.295
1,1997,8,438.33
1,1998,8,439.896
1,1999,8,424.702
1,2000,8,361.038
1,2001,8,351.817
1,2002,8,348.189
1,2003,8,271.081
1,2004,8,252.172
1,2005,8,212.293
1,2006,8,206.069
1,2007,8,192.25
1,2008,8,179.178
1,2009,8,162.825
1,2010,8,149.744
1,2011,8,130.416
1,2012,8,135.176
1,2013,8,109.375
1,2014,8,108.103
1,2015,8,101.38
1,2016,8,107.349
1,2017,8,103.132
1,2018,8,111.129
1,2019,8,112.571
1,2020,8,117.356
1,2021,8,113.33
1,2022,8,112.522
1,2023,8,111.395
2,1995,8,418.589
2,1996,8,399.822
2,1997,8,430.54
2,1998,8,432.137
2,1999,8,417.083
2,2000,8,354.183
2,2001,8,345.145
2,2002,8,341.615
2,2003,8,265.89
2,2004,8,247.333
2,2005,8,207.994
2,2006,8,201.995
2,2007,8,188.515
2,2008,8,175.838
2,2009,8,159.751
2,2010,8,146.889
2,2011,8,127.884
2,2012,8,132.639
2,2013,8,107.285
2,2014,8,106.063
2,2015,8,99.4613
2,2016,8,105.353
2,2017,8,101.255
2,2018,8,109.201
2,2019,8,110.661
2,2020,8,115.336
2,2021,8,111.379
2,2022,8,110.554
2,2023,8,109.451
1,1995,9,338.071
1,1996,9,322.564
1,1997,9,346.647
1,1998,9,357.501
1,1999,9,337.773
1,2000,9,284.025
1,2001,9,270.613
1,2002,9,259.762
1,2003,9,240.737
1,2004,9,189.965
1,2005,9,148.101
1,2006,9,148.37
1,2007,9,142.589
1,2008,9,145.241
1,2009,9,121.632
1,2010,9,112.762
1,2011,9,100.056
1,2012,9,99.057
1,2013,9,90.3626
1,2014,9,78.8589
1,2015,9,75.8255
1,2016,9,75.8638
1,2017,9,82.6814
1,2018,9,88.3655
1,2019,9,94.8431
1,2020,9,91.2873
1,2021,9,99.8683
1,2022,9,93.189
1,2023,9,94.481
2,1995,9,332.979
2,1996,9,317.547
2,1997,9,341.5
2,1998,9,352.276
2,1999,9,332.719
2,2000,9,279.368
2,2001,9,266.13
2,2002,9,255.44
2,2003,9,236.607
2,2004,9,186.677
2,2005,9,145.315
2,2006,9,145.638
2,2007,9,140.014
2,2008,9,142.777
2,2009,9,119.556
2,2010,9,110.825
2,2011,9,98.291
2,2012,9,97.3871
2,2013,9,88.7981
2,2014,9,77.5177
2,2015,9,74.5366
2,2016,9,74.6118
2,2017,9,81.3661
2,2018,9,87.0773
2,2019,9,93.5386
2,2020,9,90.0278
2,2021,9,98.504
2,2022,9,91.8848
2,2023,9,93.1569
1,1995,10,264.136
1,1996,10,252.278
1,1997,10,270.117
1,1998,10,278.245
1,1999,10,270.485
1,2000,10,223.086
1,2001,10,209.914
1,2002,10,197.056
1,2003,10,177.307
1,2004,10,166.524
1,2005,10,110.415
1,2006,10,102.149
1,2007,10,101.355
1,2008,10,106.203
1,2009,10,97.3645
1,2010,10,83.1664
1,2011,10,74.413
1,2012,10,74.8767
1,2013,10,65.3833
1,2014,10,64.2405
1,2015,10,54.5626
1,2016,10,55.909
1,2017,10,57.5502
1,2018,10,69.6271
1,2019,10,74.1501
1,2020,10,75.6598
1,2021,10,76.3914
1,2022,10,80.8223
1,2023,10,76.9364
2,1995,10,260.717
2,1996,10,248.873
2,1997,10,266.654
2,1998,10,274.77
2,1999,10,267.026
2,2000,10,219.876
2,2001,10,206.796
2,2002,10,194.075
2,2003,10,174.494
2,2004,10,163.818
2,2005,10,108.425
2,2006,10,100.319
2,2007,10,99.5656
2,2008,10,104.454
2,2009,10,95.7712
2,2010,10,81.8093
2,2011,10,73.1675
2,2012,10,73.6824
2,2013,10,64.3115
2,2014,10,63.2047
2,2015,10,53.686
2,2016,10,55.0451
2,2017,10,56.7055
2,2018,10,68.719
2,2019,10,73.279
2,2020,10,74.7984
2,2021,10,75.5507
2,2022,10,79.9144
2,2023,10,76.0686
1,1995,11,205.196
1,1996,11,196.491
1,1997,11,209.432
1,1998,11,215.236
1,1999,11,209.551
1,2000,11,178.86
1,2001,11,164.357
1,2002,11,152.451
1,2003,11,134.543
1,2004,11,122.617
1,2005,11,97.4725
1,2006,11,76.124
1,2007,11,69.803
1,2008,11,75.233
1,2009,11,71.2711
1,2010,11,66.6025
1,2011,11,54.9725
1,2012,11,55.4479
1,2013,11,49.4902
1,2014,11,46.3849
1,2015,11,44.4054
1,2016,11,40.0786
1,2017,11,42.1998
1,2018,11,47.9777
1,2019,11,57.867
1,2020,11,58.6959
1,2021,11,62.7237
1,2022,11,61.3619
1,2023,11,66.1127
2,1995,11,202.92
2,1996,11,194.216
2,1997,11,207.108
2,1998,11,212.921
2,1999,11,207.268
2,2000,11,176.66
2,2001,11,162.213
2,2002,11,150.378
2,2003,11,132.598
2,2004,11,120.768
2,2005,11,95.8257
2,2006,11,74.8113
2,2007,11,68.5983
2,2008,11,74.0092
2,2009,11,70.1341
2,2010,11,65.5556
2,2011,11,54.0959
2,2012,11,54.6014
2,2013,11,48.7203
2,2014,11,45.6725
2,2015,11,43.7255
2,2016,11,39.4886
2,2017,11,41.6149
2,2018,11,47.3939
2,2019,11,57.2559
2,2020,11,58.1281
2,2021,11,62.1634
2,2022,11,60.8172
2,2023,11,65.5276
1,1995,12,159.316
1,1996,12,153.057
1,1997,12,162.418
1,1998,12,166.475
1,1999,12,162.245
1,2000,12,139.719
1,2001,12,132.131
1,2002,12,119.763
1,2003,12,104.83
1,2004,12,93.642
1,2005,12,72.9106
1,2006,12,67.6234
1,2007,12,52.3932
1,2008,12,51.9366
1,2009,12,50.8994
1,2010,12,49.1101
1,2011,12,44.4178
1,2012,12,41.0201
1,2013,12,36.9656
1,2014,12,35.2596
1,2015,12,32.2463
1,2016,12,32.6867
1,2017,12,30.2671
1,2018,12,34.9772
1,2019,12,39.663
1,2020,12,45.6765
1,2021,12,48.4167
1,2022,12,50.2477
1,2023,12,49.9547
2,1995,12,157.872
2,1996,12,151.619
2,1997,12,160.927
2,1998,12,164.989
2,1999,12,160.8
2,2000,12,138.349
2,2001,12,130.728
2,2002,12,118.394
2,2003,12,103.532
2,2004,12,92.4086
2,2005,12,71.8335
2,2006,12,66.5674
2,2007,12,51.5524
2,2008,12,51.1283
2,2009,12,50.1274
2,2010,12,48.3851
2,2011,12,43.7641
2,2012,12,40.438
2,2013,12,36.4388
2,2014,12,34.7623
2,2015,12,31.793
2,2016,12,32.2408
2,2017,12,29.8772
2,2018,12,34.5787
2,2019,12,39.2776
2,2020,12,45.2934
2,2021,12,48.0661
2,2022,12,49.91
2,2023,12,49.6306
1,1995,13,123.89
1,1996,13,119.419
1,1997,13,126.236
1,1998,13,129.07
1,1999,13,125.879
1,2000,13,109.33
1,2001,13,103.725
1,2002,13,96.8163
1,2003,13,83.1311
1,2004,13,73.5986
1,2005,13,56.7036
1,2006,13,51.018
1,2007,13,46.9853
1,2008,13,39.1623
1,2009,13,35.5066
1,2010,13,35.4107
1,2011,13,33.1225
1,2012,13,33.2655
1,2013,13,27.6485
1,2014,13,26.5093
1,2015,13,24.7095
1,2016,13,23.8406
1,2017,13,24.753
1,2018,13,24.9954
1,2019,13,28.8236
1,2020,13,31.2873
1,2021,13,37.5687
1,2022,13,38.7651
1,2023,13,40.7993
2,1995,13,123.065
2,1996,13,118.606
2,1997,13,125.373
2,1998,13,128.203
2,1999,13,125.048
2,2000,13,108.575
2,2001,13,102.942
2,2002,13,96.0036
2,2003,13,82.3515
2,2004,13,72.8402
2,2005,13,56.0507
2,2006,13,50.3702
2,2007,13,46.3473
2,2008,13,38.6221
2,2009,13,35.0249
2,2010,13,34.9457
2,2011,13,32.6983
2,2012,13,32.8517
2,2013,13,27.3104
2,2014,13,26.1886
2,2015,13,24.4125
2,2016,13,23.5589
2,2017,13,24.4726
2,2018,13,24.7381
2,2019,13,28.5697
2,2020,13,31.0604
2,2021,13,37.3505
2,2022,13,38.5809
2,2023,13,40.6297
1,1995,14,96.531
1,1996,14,93.3285
1,1997,14,98.3469
1,1998,14,100.347
1,1999,14,97.9242
1,2000,14,85.6922
1,2001,14,81.5724
1,2002,14,76.428
1,2003,14,67.8169
1,2004,14,58.8589
1,2005,14,45.3347
1,2006,14,40.0092
1,2007,14,35.7736
1,2008,14,35.2861
1,2009,14,27.0434
1,2010,14,24.9318
1,2011,14,24.1417
1,2012,14,24.9022
1,2013,14,22.6588
1,2014,14,19.957
1,2015,14,18.7235
1,2016,14,18.3512
1,2017,14,18.1091
1,2018,14,20.385
1,2019,14,20.5495
1,2020,14,22.7359
1,2021,14,25.6799
1,2022,14,30.0808
1,2023,14,31.4178
2,1995,14,96.1594
2,1996,14,92.9731
2,1997,14,97.9498
2,1998,14,99.9412
2,1999,14,97.5438
2,2000,14,85.3768
2,2001,14,81.2417
2,2002,14,76.0693
2,2003,14,67.4443
2,2004,14,58.4769
2,2005,14,45.0035
2,2006,14,39.6638
2,2007,14,35.4227
2,2008,14,34.9068
2,2009,14,26.7486
2,2010,14,24.6655
2,2011,14,23.8949
2,2012,14,24.6535
2,2013,14,22.4428
2,2014,14,19.7699
2,2015,14,18.5508
2,2016,14,18.1826
2,2017,14,17.9461
2,2018,14,20.2099
2,2019,14,20.3944
2,2020,14,22.5988
2,2021,14,25.5645
2,2022,14,29.99
2,2023,14,31.3555
1,1995,15,75.3296
1,1996,15,73.0185
1,1997,15,76.7521
1,1998,15,78.1844
1,1999,15,76.3396
1,2000,15,67.2337
1,2001,15,64.2009
1,2002,15,60.3838
1,2003,15,53.9445
1,2004,15,48.3561
1,2005,15,36.7826
1,2006,15,32.2107
1,2007,15,28.27
1,2008,15,26.9704
1,2009,15,24.5725
1,2010,15,19.1369
1,2011,15,17.1519
1,2012,15,18.2071
1,2013,15,17.1123
1,2014,15,16.4435
1,2015,15,14.1878
1,2016,15,13.957
1,2017,15,13.9734
1,2018,15,14.8755
1,2019,15,16.7227
1,2020,15,16.2058
1,2021,15,18.6248
1,2022,15,20.5591
1,2023,15,24.3368
2,1995,15,75.2758
2,1996,15,72.9806
2,1997,15,76.684
2,1998,15,78.107
2,1999,15,76.2777
2,2000,15,67.219
2,2001,15,64.1787
2,2002,15,60.3423
2,2003,15,53.8852
2,2004,15,48.262
2,2005,15,36.6948
2,2006,15,32.0895
2,2007,15,28.1274
2,2008,15,26.7948
2,2009,15,24.3976
2,2010,15,18.997
2,2011,15,17.032
2,2012,15,18.0803
2,2013,15,17.0044
2,2014,15,16.3432
2,2015,15,14.1047
2,2016,15,13.8744
2,2017,15,13.8899
2,2018,15,14.784
2,2019,15,16.627
2,2020,15,16.1325
2,2021,15,18.5663
2,2022,15,20.5288
2,2023,15,24.3345
1,1995,16,58.8336
1,1996,16,57.1497
1,1997,16,59.9532
1,1998,16,60.9931
1,1999,16,59.5857
1,2000,16,52.7603
1,2001,16,50.5211
1,2002,16,47.6849
1,2003,16,42.8688
1,2004,16,38.6715
1,2005,16,30.5664
1,2006,16,26.2724
1,2007,16,22.8934
1,2008,16,21.3719
1,2009,16,18.9037
1,2010,16,17.492
1,2011,16,13.2576
1,2012,16,12.9629
1,2013,16,12.5968
1,2014,16,12.4676
1,2015,16,11.7474
1,2016,16,10.6031
1,2017,16,10.6438
1,2018,16,11.4487
1,2019,16,12.1754
1,2020,16,13.1792
1,2021,16,13.248
1,2022,16,14.9025
1,2023,16,16.6014
2,1995,16,58.9882
2,1996,16,57.3175
2,1997,16,60.1019
2,1998,16,61.1343
2,1999,16,59.7352
2,2000,16,52.9385
2,2001,16,50.695
2,2002,16,47.8455
2,2003,16,43.0142
2,2004,16,38.784
2,2005,16,30.6565
2,2006,16,26.3149
2,2007,16,22.9005
2,2008,16,21.3413
2,2009,16,18.859
2,2010,16,17.4387
2,2011,16,13.2167
2,2012,16,12.9183
2,2013,16,12.5622
2,2014,16,12.4366
2,2015,16,11.7223
2,2016,16,10.5795
2,2017,16,10.6178
2,2018,16,11.4135
2,2019,16,12.1362
2,2020,16,13.1456
2,2021,16,13.2273
2,2022,16,14.9028
2,2023,16,16.6268
1,1995,17,45.9556
1,1996,17,44.7168
1,1997,17,46.8372
1,1998,17,47.6011
1,1999,17,46.525
1,2000,17,41.3776
1,2001,17,39.7184
1,2002,17,37.6057
1,2003,17,33.9936
1,2004,17,30.8479
1,2005,17,24.657
1,2006,17,21.913
1,2007,17,18.7508
1,2008,17,17.336
1,2009,17,15.0497
1,2010,17,13.5137
1,2011,17,12.1795
1,2012,17,10.031
1,2013,17,9.01258
1,2014,17,9.2017
1,2015,17,8.93703
1,2016,17,8.7923
1,2017,17,8.09135
1,2018,17,8.69731
1,2019,17,9.34811
1,2020,17,9.58472
1,2021,17,10.7497
1,2022,17,10.5895
1,2023,17,12.0081
2,1995,17,46.2344
2,1996,17,45.0052
2,1997,17,47.1157
2,1998,17,47.8745
2,1999,17,46.8017
2,2000,17,41.6673
2,2001,17,40.0047
2,2002,17,37.8819
2,2003,17,34.2564
2,2004,17,31.0844
2,2005,17,24.8616
2,2006,17,22.0713
2,2007,17,18.8629
2,2008,17,17.4071
2,2009,17,15.0953
2,2010,17,13.5407
2,2011,17,12.198
2,2012,17,10.0372
2,2013,17,9.02246
2,2014,17,9.21361
2,2015,17,8.95247
2,2016,17,8.80686
2,2017,17,8.10249
2,2018,17,8.70116
2,2019,17,9.34663
2,2020,17,9.58472
2,2021,17,10.754
2,2022,17,10.6069
2,2023,17,12.0444
1,1995,18,35.8798
1,1996,18,34.9604
1,1997,18,36.573
1,1998,18,37.1391
1,1999,18,36.3144
1,2000,18,32.4123
1,2001,18,31.1774
1,2002,18,29.5991
1,2003,18,26.8815
1,2004,18,24.5212
1,2005,18,19.7934
1,2006,18,17.7184
1,2007,18,15.6825
1,2008,18,14.2097
1,2009,18,12.2462
1,2010,18,10.7888
1,2011,18,9.44207
1,2012,18,9.21818
1,2013,18,6.99732
1,2014,18,6.59327
1,2015,18,6.60973
1,2016,18,6.69277
1,2017,18,6.709
1,2018,18,6.59351
1,2019,18,7.08373
1,2020,18,7.3479
1,2021,18,7.79919
1,2022,18,8.58054
1,2023,18,8.51317
2,1995,18,36.221
2,1996,18,35.3078
2,1997,18,36.9172
2,1998,18,37.4805
2,1999,18,36.6558
2,2000,18,32.755
2,2001,18,31.5168
2,2002,18,29.9298
2,2003,18,27.1994
2,2004,18,24.8182
2,2005,18,20.0567
2,2006,18,17.9431
2,2007,18,15.8662
2,2008,18,14.3493
2,2009,18,12.3527
2,2010,18,10.8699
2,2011,18,9.5054
2,2012,18,9.26662
2,2013,18,7.0344
2,2014,18,6.62766
2,2015,18,6.6468
2,2016,18,6.73008
2,2017,18,6.74448
2,2018,18,6.62121
2,2019,18,7.10711
2,2020,18,7.37029
2,2021,18,7.82174
2,2022,18,8.61126
2,2023,18,8.55218
1,1995,19,27.9878
1,1996,19,27.3002
1,1997,19,28.5314
1,1998,19,28.954
1,1999,19,28.3204
1,2000,19,25.35
1,2001,19,24.4263
1,2002,19,23.243
1,2003,19,21.1924
1,2004,19,19.4181
1,2005,19,15.8044
1,2006,19,14.2422
1,2007,19,12.7013
1,2008,19,11.8852
1,2009,19,10.0574
1,2010,19,8.79381
1,2011,19,7.55473
1,2012,19,7.14401
1,2013,19,6.44363
1,2014,19,5.12209
1,2015,19,4.74121
1,2016,19,4.94935
1,2017,19,5.10373
1,2018,19,5.45195
1,2019,19,5.35647
1,2020,19,5.55813
1,2021,19,5.96438
1,2022,19,6.21509
1,2023,19,6.88149
2,1995,19,28.3485
2,1996,19,27.6645
2,1997,19,28.897
2,1998,19,29.3183
2,1999,19,28.6829
2,2000,19,25.7057
2,2001,19,24.7786
2,2002,19,23.5876
2,2003,19,21.5242
2,2004,19,19.7327
2,2005,19,16.086
2,2006,19,14.4941
2,2007,19,12.9195
2,2008,19,12.0697
2,2009,19,10.2026
2,2010,19,8.90982
2,2011,19,7.64723
2,2012,19,7.21837
2,2013,19,6.50774
2,2014,19,5.17023
2,2015,19,4.78634
2,2016,19,4.99596
2,2017,19,5.15047
2,2018,19,5.49566
2,2019,19,5.39379
2,2020,19,5.59388
2,2021,19,5.99924
2,2022,19,6.25233
2,2023,19,6.92576
1,1995,20,21.8051
1,1996,20,21.2878
1,1997,20,22.2304
1,1998,20,22.5473
1,1999,20,22.0598
1,2000,20,19.7914
1,2001,20,19.0971
1,2002,20,18.2066
1,2003,20,16.6547
1,2004,20,15.3179
1,2005,20,12.5536
1,2006,20,11.3782
1,2007,20,10.2176
1,2008,20,9.62144
1,2009,20,8.42097
1,2010,20,7.22813
1,2011,20,6.16534
1,2012,20,5.71159
1,2013,20,4.9994
1,2014,20,4.71661
1,2015,20,3.68455
1,2016,20,3.54803
1,2017,20,3.77039
1,2018,20,4.13613
1,2019,20,4.41775
1,2020,20,4.19469
1,2021,20,4.50045
1,2022,20,4.74424
1,2023,20,4.97227
2,1995,20,22.1577
2,1996,20,21.6419
2,1997,20,22.5884
2,1998,20,22.9053
2,1999,20,22.4148
2,2000,20,20.1349
2,2001,20,19.4369
2,2002,20,18.5392
2,2003,20,16.9748
2,2004,20,15.6235
2,2005,20,12.8278
2,2006,20,11.6298
2,2007,20,10.4435
2,2008,20,9.82259
2,2009,20,8.58999
2,2010,20,7.36445
2,2011,20,6.27542
2,2012,20,5.80216
2,2013,20,5.07455
2,2014,20,4.78247
2,2015,20,3.73472
2,2016,20,3.59498
2,2017,20,3.81903
2,2018,20,4.18482
2,2019,20,4.46489
2,2020,20,4.2366
2,2021,20,4.54148
2,2022,20,4.78617
2,2023,20,5.01567
1,1995,21,16.9643
1,1996,21,16.5733
1,1997,21,17.296
1,1998,21,17.5348
1,1999,21,17.1591
1,2000,21,15.423
1,2001,21,14.8988
1,2002,21,14.226
1,2003,21,13.0482
1,2004,21,12.0386
1,2005,21,9.92249
1,2006,21,9.03761
1,2007,21,8.16444
1,2008,21,7.73373
1,2009,21,6.81972
1,2010,21,6.05339
1,2011,21,5.07032
1,2012,21,4.65615
1,2013,21,3.99875
1,2014,21,3.65765
1,2015,21,3.39222
1,2016,21,2.75466
1,2017,21,2.69941
1,2018,21,3.04746
1,2019,21,3.34314
1,2020,21,3.45257
1,2021,21,3.3882
1,2022,21,3.57293
1,2023,21,3.78637
2,1995,21,17.2921
2,1996,21,16.9012
2,1997,21,17.6294
2,1998,21,17.8687
2,1999,21,17.4896
2,2000,21,15.7393
2,2001,21,15.2114
2,2002,21,14.532
2,2003,21,13.3422
2,2004,21,12.3201
2,2005,21,10.175
2,2006,21,9.27272
2,2007,21,8.38003
2,2008,21,7.93255
2,2009,21,6.99243
2,2010,21,6.20089
2,2011,21,5.18895
2,2012,21,4.75553
2,2013,21,4.08014
2,2014,21,3.72686
2,2015,21,3.45346
2,2016,21,2.80205
2,2017,21,2.74419
2,2018,21,3.09437
2,2019,21,3.39095
2,2020,21,3.49941
2,2021,21,3.43073
2,2022,21,3.61575
2,2023,21,3.82972
1,1995,22,13.1781
1,1996,22,12.8815
1,1997,22,13.4363
1,1998,22,13.6166
1,1999,22,13.327
1,2000,22,11.9962
1,2001,22,11.5989
1,2002,22,11.0889
1,2003,22,10.1929
1,2004,22,9.42835
1,2005,22,7.80755
1,2006,22,7.14051
1,2007,22,6.48339
1,2008,22,6.17325
1,2009,22,5.48127
1,2010,22,4.90129
1,2011,22,4.24639
1,2012,22,3.82432
1,2013,22,3.25966
1,2014,22,2.92322
1,2015,22,2.62914
1,2016,22,2.53312
1,2017,22,2.09279
1,2018,22,2.17628
1,2019,22,2.45724
1,2020,22,2.60741
1,2021,22,2.78219
1,2022,22,2.6847
1,2023,22,2.84485
2,1995,22,13.4725
2,1996,22,13.1751
2,1997,22,13.7359
2,1998,22,13.9171
2,1999,22,13.624
2,2000,22,12.2782
2,2001,22,11.8772
2,2002,22,11.3611
2,2003,22,10.4539
2,2004,22,9.67852
2,2005,22,8.03161
2,2006,22,7.35088
2,2007,22,6.67882
2,2008,22,6.35762
2,2009,22,5.64553
2,2010,22,5.04571
2,2011,22,4.36845
2,2012,22,3.9266
2,2013,22,3.34338
2,2014,22,2.99364
2,2015,22,2.68922
2,2016,22,2.58756
2,2017,22,2.13552
2,2018,22,2.21752
2,2019,22,2.50097
2,2020,22,2.6519
2,2021,22,2.82671
2,2022,22,2.72574
2,2023,22,2.886
1,1995,23,10.221
1,1996,23,9.99543
1,1997,23,10.4215
1,1998,23,10.5579
1,1999,23,10.3346
1,2000,23,9.31361
1,2001,23,9.01162
1,2002,23,8.62397
1,2003,23,7.94089
1,2004,23,7.36055
1,2005,23,6.11851
1,2006,23,5.61475
1,2007,23,5.11971
1,2008,23,4.8964
1,2009,23,4.37351
1,2010,23,3.93733
1,2011,23,3.43709
1,2012,23,3.19847
1,2013,23,2.67628
1,2014,23,2.38054
1,2015,23,2.09953
1,2016,23,1.96074
1,2017,23,1.92158
1,2018,23,1.68315
1,2019,23,1.75075
1,2020,23,1.91263
1,2021,23,2.0964
1,2022,23,2.20031
1,2023,23,2.13281
2,1995,23,10.4787
2,1996,23,10.2518
2,1997,23,10.6838
2,1998,23,10.8214
2,1999,23,10.5947
2,2000,23,9.55908
2,2001,23,9.25346
2,2002,23,8.86026
2,2003,23,8.16697
2,2004,23,7.57722
2,2005,23,6.31208
2,2006,23,5.79742
2,2007,23,5.29079
2,2008,23,5.06018
2,2009,23,4.52199
2,2010,23,4.07096
2,2011,23,3.5528
2,2012,23,3.30064
2,2013,23,2.75899
2,2014,23,2.45019
2,2015,23,2.15802
2,2016,23,2.01199
2,2017,23,1.96877
2,2018,23,1.72128
2,2019,23,1.78791
2,2020,23,1.95169
2,2021,23,2.13701
2,2022,23,2.24124
2,2023,23,2.17043
1,1995,24,7.91508
1,1996,24,7.74325
1,1997,24,8.07042
1,1998,24,8.17387
1,1999,24,8.00172
1,2000,24,7.21809
1,2001,24,6.98803
1,2002,24,6.69274
1,2003,24,6.1712
1,2004,24,5.72975
1,2005,24,4.77762
1,2006,24,4.39638
1,2007,24,4.02282
1,2008,24,3.86169
1,2009,24,3.46677
1,2010,24,3.13939
1,2011,24,2.75957
1,2012,24,2.58522
1,2013,24,2.23693
1,2014,24,1.95231
1,2015,24,1.70813
1,2016,24,1.56364
1,2017,24,1.48511
1,2018,24,1.54195
1,2019,24,1.3511
1,2020,24,1.36009
1,2021,24,1.53451
1,2022,24,1.65489
1,2023,24,1.74427
2,1995,24,8.1363
2,1996,24,7.96292
2,1997,24,8.29569
2,1998,24,8.40029
2,1999,24,8.22495
2,2000,24,7.42778
2,2001,24,7.19433
2,2002,24,6.89407
2,2003,24,6.3634
2,2004,24,5.91382
2,2005,24,4.94158
2,2006,24,4.55156
2,2007,24,4.16888
2,2008,24,4.00289
2,2009,24,3.59625
2,2010,24,3.25787
2,2011,24,2.8643
2,2012,24,2.68014
2,2013,24,2.31729
2,2014,24,2.01932
2,2015,24,1.76426
2,2016,24,1.6121
2,2017,24,1.52826
2,2018,24,1.58307
2,2019,24,1.38462
2,2020,24,1.39234
2,2021,24,1.56919
2,2022,24,1.69103
2,2023,24,1.78059
1,1995,25,26.3072
1,1996,25,25.7561
1,1997,25,26.8237
1,1998,25,27.1498
1,1999,25,26.5817
1,2000,25,24.026
1,2001,25,23.2873
1,2002,25,22.3394
1,2003,25,20.6572
1,2004,25,19.245
1,2005,25,16.1496
1,2006,25,14.9455
1,2007,25,13.7762
1,2008,25,13.3303
1,2009,25,12.101
1,2010,25,11.1057
1,2011,25,9.92354
1,2012,25,9.46229
1,2013,25,8.37001
1,2014,25,7.67604
1,2015,25,6.85201
1,2016,25,6.31577
1,2017,25,5.9098
1,2018,25,5.86739
1,2019,25,5.88559
1,2020,25,5.55706
1,2021,25,5.48757
1,2022,25,5.4937
1,2023,25,5.61802
2,1995,25,27.2785
2,1996,25,26.7172
2,1997,25,27.8129
2,1998,25,28.1455
2,1999,25,27.5616
2,2000,25,24.9376
2,2001,25,24.1808
2,2002,25,23.2079
2,2003,25,21.4808
2,2004,25,20.0302
2,2005,25,16.8423
2,2006,25,15.6011
2,2007,25,14.3956
2,2008,25,13.9362
2,2009,25,12.665
2,2010,25,11.6342
2,2011,25,10.4063
2,2012,25,9.92242
2,2013,25,8.78212
2,2014,25,8.05245
2,2015,25,7.1864
2,2016,25,6.61834
2,2017,25,6.18534
2,2018,25,6.12791
2,2019,25,6.13322
2,2020,25,5.78201
2,2021,25,5.69917
2,2022,25,5.69577
2,2023,25,5.81371
